station_name,station_code,state_name,day,std_min,lat,lng,stop,platform_number,food_available,hotel_available,hospital_available
HOWRAH JN,HWH,West Bengal,1,1320,22.584058,88.340979,True,9,False,True,True
HOWRAH JN. CABIN,HJN,WEST BENGAL,1,1321,22.583503,88.342781,False,0,False,False,False
HOWRAH GOODS,HWHG,WEST BENGAL,1,1321,22.5896053465,88.334197998,False,0,False,False,False
LILUAH (SORTING YARD),SYAE,WEST BENGAL,1,1322,22.609178,88.336945,False,0,False,False,False
LILUAH WORKSHOP,LLHW,WEST BENGAL,1,1323,22.618532,88.338833,False,0,False,False,False
LILUAH,LLH,,1,1323,22.621181,88.339219,False,0,False,False,False
BELUR,BEQ,WEST BENGAL,1,1325,22.63639201,88.33998084,False,0,False,False,False
BALLY,BLY,WEST BENGAL,1,1326,22.6551655812,88.3405065536,False,0,False,False,False
BALLY CHORD,BLYC,WEST BENGAL,1,1326,22.658359,88.337932,False,0,False,False,False
BELANAGAR,BZL,WEST BENGAL,1,1328,22.661185,88.317804,False,0,False,False,False
DANKUNI,DKAE,West Bengal,1,1331,22.677342,88.291411,False,0,False,False,False
GOBRA,GBRA,WEST BENGAL,1,1332,22.695754,88.279524,False,0,False,False,False
JANAI ROAD,JOX,WEST BENGAL,1,1335,22.722159,88.26489,False,0,False,False,False
BEGUMPUR,BPAE,WEST BENGAL,1,1336,22.737517,88.255534,False,0,False,False,False
BARUIPARA,BRPA,WEST BENGAL,1,1339,22.766487,88.237081,False,0,False,False,False
MIRZAPUR BANKIPUR,MBE,WEST BENGAL,1,1341,22.7906827672,88.2223927975,False,0,False,False,False
BALARAMBATI,BLAE,WEST BENGAL,1,1342,22.808367076,88.211824894,False,0,False,False,False
KAMARKUNDU,KQU,WEST BENGAL,1,1344,22.821441,88.204937,False,0,False,False,False
KAMARKUNDU,KQLS,WEST BENGAL,1,1344,22.820729,88.204139,False,0,False,False,False
MADHU SUDANPUR,MDSE,WEST BENGAL,1,1346,22.844658,88.193049,False,0,False,False,False
CHANDANPUR,CDAE,WEST BENGAL,1,1349,22.88092,88.175797,False,0,False,False,False
PORABAZAR,PBZ,WEST BENGAL,1,1352,22.916777,88.15949,False,0,False,False,False
BELMURI,BMAE,WEST BENGAL,1,1353,22.93254742,88.15215111,False,0,False,False,False
DHANIAKHALI,DNHL,WEST BENGAL,1,1355,22.95045,88.143911,False,0,False,False,True
SIBAICHANDI,SHBC,WEST BENGAL,1,1357,22.974515,88.13374,False,0,False,False,False
CHERAGRAM BH,CRAE,WEST BENGAL,1,1358,22.9881060462,88.1285047531,False,0,False,False,False
HAJIGARH,HIH,WEST BENGAL,1,1360,23.006752,88.121123,False,0,False,False,False
GURAP,GRAE,WEST BENGAL,1,1361,23.02504,88.111982,False,0,False,False,False
JHAPANDANGA,JPQ,WEST BENGAL,1,1365,23.063939,88.090997,False,0,False,False,False
JAUGRAM,JRAE,WEST BENGAL,1,1366,23.078547,88.080697,False,0,False,False,False
NABAGRAM,NBAE,WEST BENGAL,1,1369,23.111756429,88.0574584007,False,0,False,False,False
MASAGRAM,MSAE,WEST BENGAL,1,1372,23.135111,88.042502,False,0,False,False,True
CHANCHAI,CHC,WEST BENGAL,1,1374,23.158235,88.025851,False,0,False,False,False
PALLA ROAD,PRAE,WEST BENGAL,1,1376,23.179343,88.009071,False,0,False,False,False
SAKTIGARH,SKG,WEST BENGAL,1,1380,23.206089,87.971992,False,0,False,False,False
GANGPUR,GRP,WEST BENGAL,1,1383,23.223285,87.927876,False,0,False,False,False
BARDDHAMAN JN,BWN,WEST BENGAL,1,1393,23.249548,87.870111,True,1,False,True,True
TALIT,TIT,WEST BENGAL,1,1399,23.29323,87.819042,False,0,False,True,False
KHANA JN,KAN,WEST BENGAL,1,1403,23.320977,87.769947,False,0,False,False,False
KHANA LINK CABIN,KANL,WEST BENGAL,1,1406,23.332686,87.742739,False,0,False,False,False
ISHAN CHANDI HALT,INCI,WEST BENGAL,1,1406,23.3340597763,87.7400779724,False,0,False,False,False
GALSI,GLI,WEST BENGAL,1,1411,23.358252,87.681456,False,0,False,False,False
PARAJ,PAJ,WEST BENGAL,1,1416,23.387483,87.627125,False,0,False,False,False
MANKAR,MNAE,WEST BENGAL,1,1422,23.420093,87.555542,False,0,False,False,False
PANAGARH,PAN,WEST BENGAL,1,1432,23.442774,87.439327,True,2,False,False,True
RAJBANDH,RBH,WEST BENGAL,1,1438,23.475686,87.371864,False,0,False,False,False
DURGAPUR,DGR,WEST BENGAL,2,1447,23.495366,87.298222,True,3,False,True,True
DURGAPUR COKE OVEN PLANT EXCHANGE YARD SDG WARIA,DCOP,WEST BENGAL,2,1449,23.505126,87.298222,False,0,False,True,False
WARIA,OYR,WEST BENGAL,2,1454,23.538022,87.246637,False,0,False,False,False
PINJRAPOL,POL,WEST BENGAL,2,1455,23.549982,87.232647,False,0,False,False,False
UDL EAST OUTER CABIN,EOC,WEST BENGAL,2,1457,23.569652,87.203808,False,0,False,False,False
ANDAL INTER YARD CABIN,INTY,,2,1458,,,False,0,False,False,False
ANDAL-EAST CABIN,UDLE,WEST BENGAL,2,1458,23.57154,87.199516,False,0,False,False,False
ANDAL LINK CABIN,LCAB,,2,1459,,,False,0,False,False,False
ANDAL JN,UDL,WEST BENGAL,2,1460,23.579052,87.181234,False,0,False,False,False
ANDAL WEST CABIN,UDLW,WEST BENGAL,2,1461,23.584274,87.169046,False,0,False,False,False
ETYD,ETYD,,2,1462,,,False,0,False,False,False
JUNC,JUNC,,2,1462,,,False,0,False,False,False
BAKTAR NAGAR,BQT,WEST BENGAL,2,1463,23.589475,87.156429,False,0,False,False,False
RANIGANJ,RNG,WEST BENGAL,2,1468,23.603161,87.11729,True,2,False,True,False
NIMCHA,NMC,WEST BENGAL,2,1474,23.626596,87.090168,False,0,False,False,False
KALIPAHARI,KPK,WEST BENGAL,2,1479,23.66528,87.01601,False,0,False,True,False
ASANSOL JN,ASN,WEST BENGAL,2,1489,23.691101,86.974812,True,4,False,True,True
BARACHAK,BCQ,WEST BENGAL,2,1495,23.707056,86.928463,False,0,False,True,False
SITARAMPUR,STN,WEST BENGAL,2,1499,23.723754,86.896362,False,0,False,False,False
KULTI,ULT,WEST BENGAL,2,1505,23.738016,86.84907,False,0,False,False,True
BARAKAR,BRR,WEST BENGAL,2,1511,23.7420029,86.819179,True,1,False,False,False
KUMARDUBI,KMME,JHARKHAND,2,1514,23.747483,86.794095,False,0,False,False,False
MUGMA,MMU,JHARKHAND,2,1520,23.751804,86.748004,False,0,False,False,False
THAPAR NAGAR,TNW,JHARKHAND,2,1528,23.768968,86.70114,False,0,False,True,False
KALUBATHAN,KAO,JHARKHAND,2,1533,23.758599,86.661744,False,0,False,True,False
CHHOTA AMBANA,CAM,JHARKHAND,2,1545,23.76272318,86.57458305,False,0,False,False,False
PRADHANKHUNTA,PKA,JHARKHAND,2,1553,23.77266,86.516047,False,0,False,True,False
DOKRA HALT,DOKM,JHARKHAND,2,1559,23.782674,86.480598,False,0,False,True,False
DHANBAD JN,DHN,JHARKHAND,2,1570,23.791196,86.429186,True,3,False,True,True
BHULI,BHN,JHARKHAND,2,1573,23.8018372592,86.3942527771,False,0,False,True,False
TETULMARI,TET,JHARKHAND,2,1578,23.814441,86.34357,False,0,False,False,False
NICHITPUR,NPJE,JHARKHAND,2,1583,23.825708,86.287565,False,0,False,False,False
MATARI,MRQ,JHARKHAND,2,1588,23.840469,86.238985,False,0,False,False,False
GOMOH JN,GMO,Jharkhand,2,1606,23.872966,86.14809,True,3,False,True,True
BHOLLDIH,BLME,JHARKHAND,2,1610,23.898394,86.116848,False,0,False,False,False
NIMIAGHAT,NMG,JHARKHAND,2,1614,23.932172,86.076293,False,0,False,False,False
XX-PNEC,XX-PNEC,,2,1620,,,False,0,False,False,False
PARASNATH,PNME,JHARKHAND,2,1622,23.987821,86.037712,True,3,False,True,False
XX-PNWC,XX-PNWC,,2,1622,,,False,0,False,False,False
CHEGRO,CEME,JHARKHAND,2,1626,24.0842385151,85.964756012,False,0,False,False,False
CHAUDHRIBANDH,CDB,JHARKHAND,2,1630,24.1120528783,85.9466457367,False,0,False,False,False
KARMABAD BH,KRMB,JHARKHAND,2,1634,24.07891,85.974026,False,0,False,False,False
CHICHAKI,CCK,JHARKHAND,2,1637,24.053204666,85.9917068481,False,0,False,False,False
GAREA BIHAR,GRBH,JHARKHAND,2,1641,24.1287385964,85.9153175354,False,0,False,False,False
HAZARIBAGH ROAD,HZD,JHARKHAND,2,1648,24.174163,85.891615,True,2,False,False,False
KESHWARI,KSHR,JHARKHAND,2,1651,24.194833,85.864162,False,0,False,False,False
CHAUBE,CBH,JHARKHAND,2,1655,24.2370252691,85.8157539368,False,0,False,False,False
DASARA,DSME,JHARKHAND,2,1659,24.2743522656,85.790605545,False,0,False,False,False
PARSABAD,PSB,JHARKHAND,2,1663,24.307679,85.73885,False,0,False,False,False
YADUDIH,YDD,JHARKHAND,2,1667,24.330205,85.701229,False,0,False,False,False
SARMATANR,SMND,JHARKHAND,2,1669,24.3441251011,85.6579327583,False,0,False,False,False
HIRODIH,HRE,JHARKHAND,2,1675,24.38271,85.596328,False,0,False,False,False
LARABAD,LRB,JHARKHAND,2,1678,24.407451,85.562553,False,0,False,False,False
KODERMA,KQR,JHARKHAND,2,1683,24.434491,85.529208,True,4,False,True,False
GUJHANDI,GJD,JHARKHAND,2,1693,24.497771,85.463333,False,0,False,False,False
LALBAG BH,LBZ,JHARKHAND,2,1695,24.509642,85.446682,False,0,False,False,False
DILWA,DLW,JHARKHAND,2,1700,24.53759788,85.41998863,False,0,False,False,False
NATH GANJ,NGY,BIHAR,2,1706,24.545406,85.384884,False,0,False,False,False
BASKATWA B. H.,BSCP,BIHAR,2,1707,24.547123,85.365658,False,0,False,False,False
YADUGRAM BH,YGM,BIHAR,2,1712,24.543219,85.323944,False,0,False,False,False
GURPA,GAP,BIHAR,2,1715,24.562112,85.29665,False,0,False,False,False
PAHARPUR,PRP,BIHAR,2,1727,24.625172,85.204811,False,0,False,False,False
BANSINALA HALT,BNSL,BIHAR,2,1733,24.66519241,85.16172409,False,0,False,False,False
TANKUPPA,TKN,BIHAR,2,1739,24.703796,85.119152,False,0,False,False,False
BANDHUA,BNF,BIHAR,2,1747,24.75205374,85.06628037,False,0,False,False,False
MANPUR JN,MPO,BIHAR,2,1754,24.806681,85.044308,False,0,False,True,False
SHAHEED ISHWAR CHOWDHARY HALT,SICY,BIHAR,2,1755,24.8075481103,85.0286972523,False,0,False,True,False
GAYA JN,GAYA,BIHAR,2,1764,24.804188,84.999504,True,1,False,True,True
WEST CABIN GAYA,WCB,BIHAR,2,1766,24.799046,84.971669,False,0,False,True,False
KASTHA,KSTA,BIHAR,2,1770,24.802474,84.921741,False,0,False,False,False
PARAIYA,PRY,BIHAR,2,1774,24.809174,84.850502,False,0,False,False,False
GURARU,GRRU,BIHAR,2,1778,24.810733,84.791451,False,0,False,False,False
ISMAILPUR,IMGE,BIHAR,2,1783,24.815563,84.723473,False,0,False,False,False
RAFIGANJ,RFJ,BIHAR,2,1789,24.819614,84.634724,False,0,False,False,False
DEO ROAD,DORD,BIHAR,2,1793,24.8229636763,84.5633125305,False,0,False,False,False
JAKHIM,JHN,BIHAR,2,1796,24.8292734748,84.5261478424,False,0,False,False,False
BAGHOI KUSA,BHKH,BIHAR,2,1800,24.8401006513,84.4626331329,False,0,False,False,False
PHESAR,PES,BIHAR,2,1803,24.845319,84.417915,False,0,False,False,False
ANUGRAHA NARAYAN ROAD,AUBR,BIHAR,2,1811,24.8555556,84.3294444,True,2,False,True,True
CHIRAILA,CPBH,BIHAR,2,1815,24.863388,84.268913,False,0,False,False,False
SON NAGAR,SEB,BIHAR,2,1820,24.882543,84.229603,False,0,False,False,False
ADSR,ADSR,BIHAR,2,1824,24.909715,84.192584,False,0,False,False,False
DEHRI ON SONE,DOS,BIHAR,2,1827,24.914775,84.185314,True,2,False,True,True
PAHALEJA HALT,PHE,BIHAR,2,1831,24.933144,84.145317,False,0,False,False,False
KARWANDIA,KWD,BIHAR,2,1835,24.953145,84.084549,False,0,False,True,False
SASARAM,SSM,BIHAR,2,1843,24.956336,84.019833,True,2,False,True,True
KUMAHU,KMGE,BIHAR,2,1848,24.977344,83.946705,False,0,False,False,False
SHIU SAGAR ROAD,SSG,BIHAR,2,1852,24.999905,83.895893,False,0,False,False,False
KHURMABAD ROAD,KVD,BIHAR,2,1855,25.021529,83.848343,False,0,False,False,False
KUDRA,KTQ,BIHAR,2,1859,25.048592,83.793411,False,0,False,False,False
PUSAULI,PSE,BIHAR,2,1865,25.097725,83.722,False,0,False,False,False
MUTHANI,MTGE,BIHAR,2,1870,25.173097,83.619003,False,0,False,True,False
BHABUA ROAD,BBU,BIHAR,2,1875,25.173097,83.619003,True,2,False,True,False
DURGAUTI,DGO,BIHAR,2,1884,25.207737,83.539524,False,0,False,False,False
DHANICHHA,DCX,BIHAR,2,1889,25.2276154039,83.4912872314,False,0,False,False,False
KARAMNASA,KMS,BIHAR,2,1896,25.240038,83.431192,False,0,False,False,False
SAIDRAJA,SYJ,UTTAR PRADESH,2,1904,25.253391,83.35104,False,0,False,False,False
CHANDAULI MJHWR,CDMR,UTTAR PRADESH,2,1912,25.261153,83.267784,False,0,False,False,False
GANJ KHAWAJA,GAQ,UTTAR PRADESH,2,1921,25.273572,83.184013,False,0,False,False,False
FLYOVER CABIN MUGHALSARAI,FOCM,UTTAR PRADESH,2,1923,25.288939,83.171971,False,0,False,False,False
MUGHAL SARAI OUTER,MGSO,UTTAR PRADESH,2,1926,25.2968543893,83.1565475464,False,0,False,False,False
MUGHAL SARAI MARSHALING YARD,MGMY,UTTAR PRADESH,2,1928,25.2870763899,83.1361198425,False,0,False,False,False
MUGHAL SARAI JN,MGS,,2,1950,25.278539,83.11964,True,4,False,True,True
NEW WEST CABIN,NEWC,UTTAR PRADESH,2,1952,25.27365,83.10907,False,0,False,False,False
AVCD,AVCD,,2,1956,,,False,0,False,False,False
JEONATHPUR,JEP,UTTAR PRADESH,2,1960,25.2318081241,83.0623054504,False,0,False,False,False
AHRAURA ROAD,ARW,,2,1967,25.1963207241,83.0187034607,False,0,False,False,False
KAILAHAT,KYT,UTTAR PRADESH,2,1978,25.154763,82.947121,False,0,False,False,False
CHUNAR,CAR,Uttar Pradesh,2,1992,25.103671,82.875023,True,3,False,True,True
DAGMAGPUR,DAP,UTTAR PRADESH,2,1999,25.098541,82.800651,False,0,False,False,False
PAHARA,PRE,UTTAR PRADESH,2,2006,25.1195642638,82.7245616913,False,0,False,False,True
JHINGURA,JHG,UTTAR PRADESH,2,2013,25.1243046744,82.6511764526,False,0,False,False,True
MIRZAPUR,MZP,UTTAR PRADESH,2,2025,25.13429,82.569809,True,3,False,True,True
VINDHYACHAL,BDL,UTTAR PRADESH,2,2035,25.1606517,82.5019012,True,3,False,True,True
BIROHE,BEO,UTTAR PRADESH,2,2041,25.174029,82.449989,False,0,False,False,True
GAIPURA,GAE,UTTAR PRADESH,2,2051,25.16059,82.386389,False,0,False,False,True
JIGNA,JIA,UTTAR PRADESH,2,2060,25.157871,82.325535,False,0,False,False,True
MANDA ROAD,MNF,UTTAR PRADESH,2,2071,25.162998,82.236958,False,0,False,False,True
UNCHDIH,UND,UTTAR PRADESH,2,2081,25.1923597817,82.1633148193,False,0,False,False,True
MEJA ROAD,MJA,UTTAR PRADESH,2,2092,25.221365,82.089157,False,0,False,False,True
BHEERPUR,BEP,UTTAR PRADESH,2,2107,25.265034,81.98925,False,0,False,False,True
KARCHANA,KCN,UTTAR PRADESH,2,2119,25.313576,81.916037,False,0,False,False,True
CHEOKI,COI,,2,2130,25.379548,81.864796,False,2,False,True,True
ALAHABAD CHHEOKI JN,ACOI,,2,2140,25.379548,81.864796,True,0,False,False,False
LINK JN. CABIN,LKJN,UTTAR PRADESH,2,2141,25.356902,81.841939,False,0,False,True,False
IRADATGANJ,IDGJ,UTTAR PRADESH,2,2148,25.317999,81.819391,False,0,False,False,False
JASRA,JSR,UTTAR PRADESH,2,2153,25.280402,81.775017,False,0,False,False,False
MADARAHA,MFX,UTTAR PRADESH,2,2157,25.273727,81.764374,False,0,False,False,False
LOHGARA,LOG,UTTAR PRADESH,2,2162,25.25013,81.72987,False,0,False,False,False
BVAR,BVAR,UTTAR PRADESH,2,2167,,,False,0,False,False,False
SHANKARGARH,SRJ,UTTAR PRADESH,2,2172,25.1813305966,81.6190624237,True,1,False,False,False
MAJHIARI,MJHR,UTTAR PRADESH,2,2186,25.1785343066,81.5183830261,False,0,False,True,False
BARGARH,BRG,UTTAR PRADESH,2,2196,25.1639304163,81.4497184753,False,0,False,True,False
KATAIYA DANDI,KTDD,UTTAR PRADESH,2,2204,25.1494024712,81.3988208771,False,0,False,False,False
DABHAURA,DBR,MADHYA PRADESH,2,2218,25.11801,81.303205,False,0,False,False,False
PANHAI,PNHI,UTTAR PRADESH,2,2234,25.082179,81.189995,False,0,False,False,False
MANIKPUR JN,MKP,UTTAR PRADESH,2,2255,25.063442,81.093607,True,1,False,True,False
BANSAPAHAR,BNSP,UTTAR PRADESH,2,2258,25.055745,81.050262,False,0,False,False,False
BARAHMUAFI,BQF,UTTAR PRADESH,2,2263,25.039882,81.009922,False,0,False,False,False
MARKUNDI,MKD,UTTAR PRADESH,2,2271,25.017173,80.946894,False,0,False,False,False
TIKARIA,TKYR,UTTAR PRADESH,2,2278,24.99586,80.86484,False,0,False,False,False
ITWAN DUNDAILA,EDA,UTTAR PRADESH,2,2285,24.940148728,80.8428955078,False,0,False,False,False
MAJHAGAWAN,MJG,MADHYA PRADESH,2,2291,24.913529,80.811796,False,0,False,False,False
CHITAHRA,CTHR,MADHYA PRADESH,2,2296,24.862297,80.842524,False,0,False,False,False
KHUTAHA,KTHA,MADHYA PRADESH,2,2303,24.802318,80.86092,False,0,False,False,False
JAITWAR,JTW,MADHYA PRADESH,2,2311,24.739816,80.863466,False,0,False,False,False
HATI,HATI,MADHYA PRADESH,2,2317,24.68898,80.843039,False,0,False,False,False
SAGMA,SAGM,MADHYA PRADESH,2,2324,24.622207,80.828447,False,0,False,True,False
SATNA,STA,MADHYA PRADESH,2,2340,24.569099,80.828197,True,1,False,True,True
LAGARGAWAN,LGCE,MADHYA PRADESH,2,2347,24.464338,80.8144,False,0,False,False,False
UNCHHERA,UHR,MADHYA PRADESH,2,2354,24.38103,80.79423,False,0,False,False,False
MAIHAR,MYR,MADHYA PRADESH,2,2365,24.255925,80.763588,True,2,False,True,False
BHADANPUR,BUU,MADHYA PRADESH,2,2376,24.16782,80.679517,False,0,False,False,False
AMDARA ROAD,UDR,MADHYA PRADESH,2,2386,24.0993608758,80.5777645111,False,0,False,False,False
PAKARA ROAD,PKRD,MADHYA PRADESH,2,2393,24.05101,80.505409,False,0,False,True,False
JUKEHI,JKE,MADHYA PRADESH,2,2401,23.986723,80.432239,False,0,False,True,False
PATWARA,PTWA,MADHYA PRADESH,2,2408,23.9140872844,80.4134845734,False,0,False,False,False
KATNI,KTE,MADHYA PRADESH,2,2420,23.833795,80.400953,True,4,False,True,True
KATNI SOUTH,KTES,MADHYA PRADESH,2,2422,23.824295,80.400683,False,0,False,True,False
MADHAVNAGAR ROA,MDRR,MADHYA PRADESH,2,2425,23.7861302083,80.3943443298,False,0,False,True,False
NIWAR,NWR,MADHYA PRADESH,2,2432,23.7199827184,80.3691101074,False,0,False,False,False
SANSARPUR,SNRR,MADHYA PRADESH,2,2440,23.6788003455,80.3471374512,False,0,False,False,False
SLEEMANABAD RD,SBD,MADHYA PRADESH,2,2446,23.614329,80.285168,False,0,False,False,False
DUNDI,DDCE,MADHYA PRADESH,2,2455,23.557614,80.216417,False,0,False,False,False
SIHORA ROAD,SHR,MADHYA PRADESH,2,2469,23.466966,80.110095,False,0,False,False,True
GOSALPUR,GSPR,MADHYA PRADESH,2,2479,23.381456,80.058875,False,0,False,False,False
DEORI,DOE,MADHYA PRADESH,2,2489,23.298235,80.009608,False,0,False,False,False
ADHARTAL,ADTL,MADHYA PRADESH,2,2497,23.227859,79.972744,False,0,False,True,False
JABALPUR,JBP,MADHYA PRADESH,2,2515,23.164746,79.951029,True,1,False,True,True
MADAN MAHAL,MML,MADHYA PRADESH,2,2517,23.159695,79.920645,False,0,False,True,False
KACHHPURA,KEQ,MADHYA PRADESH,2,2519,23.1739778936,79.891076088,False,0,False,True,False
BHERAGHAT,BRGT,MADHYA PRADESH,2,2525,23.1698663,79.7979789,False,0,False,False,False
BHITONI,BHTN,MADHYA PRADESH,2,2533,23.1426083,79.6738909,False,0,False,False,False
BIKRAMPUR,BMR,MADHYA PRADESH,2,2541,23.082416,79.586506,False,0,False,False,False
SHRIDHAM,SRID,Madhya Pradesh,2,2550,23.034243,79.484797,True,3,False,False,False
KARAK BEL,KKB,MADHYA PRADESH,2,2569,22.992215,79.341159,False,0,False,True,False
BELKHERA,BELD,MADHYA PRADESH,2,2574,22.982101,79.300089,False,0,False,True,False
GHATPINDRAI,GPC,MADHYA PRADESH,2,2581,22.952466,79.2661,False,0,False,True,False
NARSINGHPUR,NU,MADHYA PRADESH,2,2590,22.942942,79.214215,True,2,False,True,True
KARELI,KY,MADHYA PRADESH,2,2604,22.931994,79.066415,True,2,False,True,False
KARAPGAON,KFY,MADHYA PRADESH,2,2610,22.9150769073,78.9840602875,False,0,False,True,False
BOHANI,BNE,MADHYA PRADESH,2,2614,22.9133376381,78.9155673981,False,0,False,False,False
GADARWARA,GAR,MADHYA PRADESH,2,2625,22.899739,78.792014,True,2,False,False,False
SALICHAUKA ROAD,SCKR,MADHYA PRADESH,2,2637,22.834059,78.676701,False,0,False,False,False
JUNEHTA,JHT,MADHYA PRADESH,2,2646,22.78269,78.596363,False,0,False,False,False
BANKHEDI,BKH,MADHYA PRADESH,2,2652,22.7752319,78.5383469,False,0,False,False,False
PIPARIYA,PPI,MADHYA PRADESH,2,2670,22.753981,78.354578,True,2,False,True,False
SOBHAPUR,SXF,MADHYA PRADESH,2,2683,22.727899,78.292351,False,0,False,False,False
SOHAGPUR,SGP,MADHYA PRADESH,2,2698,22.693893,78.194418,False,0,False,False,False
GURAMKHEDI,GMD,MADHYA PRADESH,2,2713,22.681816476,78.0774307251,False,0,False,False,False
BAGRA TAWA,BGTA,MADHYA PRADESH,2,2734,22.6311213,77.9941173,False,0,False,False,False
SONTALAI,SQL,MADHYA PRADESH,2,2744,22.613258,77.950015,False,0,False,False,False
GURRA,GRO,MADHYA PRADESH,2,2758,22.631837,77.86706,False,0,False,False,False
ITARSI JN,ET,MADHYA PRADESH,2,2785,22.608068,77.766938,True,7,False,True,True
JUJHARPUR,JUH,MADHYA PRADESH,2,2786,22.605137,77.75657,False,0,False,True,False
ETBC,ETBC,,2,2786,,,False,0,False,False,False
DULARIA,DRA,MADHYA PRADESH,2,2793,22.575241,77.653942,False,0,False,False,False
KHUTWANSA,KTZ,MADHYA PRADESH,2,2797,22.545379,77.602615,False,0,False,False,False
DHARMKUNDI,DKI,MADHYA PRADESH,2,2802,22.5123983739,77.5513744354,False,0,False,False,False
BANAPURA,BPF,MADHYA PRADESH,2,2808,22.4704475471,77.4808216095,False,0,False,False,False
BHAIRONPUR,BIF,MADHYA PRADESH,2,2812,22.431816,77.420139,False,0,False,False,False
PAGDHAL,PGL,MADHYA PRADESH,2,2817,22.42051,77.351421,False,0,False,False,False
CHHIDGAON,CGO,MADHYA PRADESH,2,2820,22.406793,77.313945,False,0,False,False,False
TIMARNI,TBN,MADHYA PRADESH,2,2826,22.37627,77.22981,False,0,False,False,False
CHARKHERA,CRK,MADHYA PRADESH,2,2831,22.366983,77.170887,False,0,False,False,False
HARDA,HD,MADHYA PRADESH,2,2838,22.338724,77.10115,True,3,False,True,True
PALASNER,PAL,MADHYA PRADESH,2,2845,22.304066,77.049994,False,0,False,False,False
MASANGAON,MUO,MADHYA PRADESH,2,2851,22.273053,77.005577,False,0,False,False,False
BHIRINGI,BRI,MADHYA PRADESH,2,2856,22.227932,76.941204,False,0,False,False,False
KURAWAN,KRO,MADHYA PRADESH,2,2862,22.191538,76.888676,False,0,False,False,False
KHIRKIYA,KKN,MADHYA PRADESH,2,2868,22.166104,76.859107,False,0,False,False,False
DAGARHKERI,DRHI,MADHYA PRADESH,2,2878,22.0816632116,76.8267917633,False,0,False,False,False
BARUD,BRUD,MADHYA PRADESH,3,2887,22.052232,76.814175,False,0,False,False,False
CHHANERA,CAER,MADHYA PRADESH,3,2897,21.963505,76.707315,False,0,False,False,False
CHARKHERA KHURD,CKKD,MADHYA PRADESH,3,2904,21.938906,76.642685,False,0,False,False,False
SURGAON BANJARI,SGBJ,MADHYA PRADESH,3,2914,21.946389,76.544495,False,0,False,False,False
TALVADYA,TLV,MADHYA PRADESH,3,2925,21.9277590641,76.4442443848,False,0,False,True,False
MATHELA,MTA,MADHYA PRADESH,3,2933,21.8804561555,76.390171051,False,0,False,True,False
KHANDWA,KNW,MADHYA PRADESH,3,2945,21.823676,76.353307,True,1,False,True,True
KHANDWA YARD,KNWX,,3,2946,,,False,0,False,False,False
BARGAON GUJAR,BRGJ,MADHYA PRADESH,3,2949,21.7845280856,76.3558387756,False,0,False,True,False
BAGMAR,BMA,MADHYA PRADESH,3,2954,21.7368588607,76.3613319397,False,0,False,False,False
KOHDAD,KDK,MADHYA PRADESH,3,2957,21.7022528941,76.36510849,False,0,False,False,False
DONGARGAON,DGN,MADHYA PRADESH,3,2963,21.641154,76.363907,False,0,False,False,False
SAGPHATA,SXA,MADHYA PRADESH,3,2970,21.574123,76.392231,False,0,False,False,False
MANDWA,MWA,MADHYA PRADESH,3,2974,21.517601,76.390171,False,0,False,True,False
NEPANAGAR,NPNR,MADHYA PRADESH,3,2980,21.463853,76.396952,True,2,False,True,True
CHANDNI,CDI,MADHYA PRADESH,3,2986,21.427024,76.350517,False,0,False,True,False
ASIRGARH ROAD,AGQ,MADHYA PRADESH,3,2996,21.377958,76.267605,False,0,False,False,False
BURHANPUR,BAU,MADHYA PRADESH,3,3005,21.3342676,76.1985487,True,1,False,True,True
WAGHODA,WGA,MAHARASHTRA,3,3013,21.256102,76.088905,False,0,False,True,False
RAVER,RV,MAHARASHTRA,3,3022,21.222181,76.044574,False,0,False,False,True
NIMBHORA,NB,MAHARASHTRA,3,3030,21.161161,75.975566,False,0,False,True,True
SAVDA,SAV,MAHARASHTRA,3,3037,21.111006,75.910549,False,0,False,True,True
DUSKHEDA,DSK,MAHARASHTRA,3,3044,21.073248,75.838623,False,0,False,True,False
BHUSAWAL B CABIN,BSBN,MAHARASHTRA,3,3046,21.049579,75.822118,False,0,False,True,False
BHUSAVAL GOODS YARD,BSGS,,3,3048,,,False,0,False,False,False
BHUSAVAL YARD,BSLX,,3,3049,,,False,0,False,False,False
BHUSAVAL JN,BSL,MAHARASHTRA,3,3060,21.0469912,75.7883817,True,1,False,True,True
BHADLI,BDI,MAHARASHTRA,3,3073,21.0234632507,75.672712326,False,0,False,False,False
TARSOD,TRW,MAHARASHTRA,3,3077,21.025787,75.633445,False,0,False,True,False
JALGAON JN,JL,MAHARASHTRA,3,3085,21.018175,75.562935,True,2,False,True,True
SHIRSOLI,SS,MAHARASHTRA,3,3092,20.933384,75.508003,False,0,False,False,False
MHASAVAD,MWD,MAHARASHTRA,3,3098,20.870761921,75.4588222504,False,0,False,False,True
MAHEJI,MYJ,MAHARASHTRA,3,3106,20.7687944313,75.424489975,False,0,False,False,True
PARDHANDE,PHQ,MAHARASHTRA,3,3111,20.7294651895,75.3771114349,False,0,False,False,False
PACHORA JN,PC,MAHARASHTRA,3,3115,20.668605,75.34853,False,0,False,False,True
GALAN,GAA,MAHARASHTRA,3,3122,20.6098898065,75.2772903442,False,0,False,False,False
NAGARDEVLA,NGD,MAHARASHTRA,3,3127,20.6032216547,75.1983261108,False,0,False,False,False
KAJGAON,KJ,MAHARASHTRA,3,3132,20.573653,75.140305,False,0,False,False,True
VAGHLI,VGL,MAHARASHTRA,3,3138,20.522699,75.074387,False,0,False,True,True
CHALISGAON JN,CSN,MAHARASHTRA,3,3145,20.464209,74.999149,True,3,False,True,True
HIRAPUR,HPR,MAHARASHTRA,3,3153,20.4246802267,74.9368000031,False,0,False,False,False
ROHINI,RHNE,MAHARASHTRA,3,3162,20.3624514458,74.859380722,False,0,False,False,False
NAYDONGRI,NI,MAHARASHTRA,3,3166,20.3486909504,74.8368930817,False,0,False,False,True
PIMPAR KHED,PKE,MAHARASHTRA,3,3176,20.307925334,74.7564697266,False,0,False,False,True
NANDGAON YARD,NGNX,,3,3186,,,False,0,False,False,False
NANDGAON,NGN,MAHARASHTRA,3,3187,20.308086,74.659996,False,0,False,False,True
PANJHAN,PJN,MAHARASHTRA,3,3193,20.275724,74.606781,False,0,False,False,True
HISVAHAL,HSL,MAHARASHTRA,3,3199,20.282809,74.57056,False,0,False,False,True
PANEVADI,PNV,MAHARASHTRA,3,3207,20.26574,74.495373,False,0,False,True,True
MANMAD JN,MMR,MAHARASHTRA,3,3215,20.249877,74.438295,True,3,False,True,True
YY-MMRX,YY-MMRX,,3,3216,,,False,0,False,False,False
SUMMIT,SUM,MAHARASHTRA,3,3227,20.2113006011,74.3426799774,False,0,False,False,False
LASALGAON,LS,MAHARASHTRA,3,3243,20.154908,74.226036,False,0,False,False,True
UGAON,UGN,MAHARASHTRA,3,3254,20.122192,74.136429,False,0,False,False,False
NIPHAD,NR,MAHARASHTRA,3,3262,20.096884,74.079781,False,0,False,False,True
KASBE-SUKENE,KBSN,MAHARASHTRA,3,3268,20.072056,74.026909,False,0,False,False,True
KHERVADI,KW,MAHARASHTRA,3,3276,20.046578,73.973608,False,0,False,False,True
ODHA,ODHA,MAHARASHTRA,3,3284,20.01642,73.910866,False,0,False,False,False
NASIK ROAD,NK,MAHARASHTRA,3,3300,19.948017,73.842287,True,3,False,True,True
DEVLALI,DVL,MAHARASHTRA,3,3310,19.897099,73.83688,True,1,False,True,True
LAHAVIT,LT,MAHARASHTRA,3,3330,19.852865,73.815079,False,0,False,False,False
ASVALI,AV,MAHARASHTRA,3,3346,19.817421,73.751135,False,0,False,False,False
PADLI,PI,MAHARASHTRA,3,3361,19.783988,73.665793,False,0,False,False,False
GHOTI,GO,MAHARASHTRA,3,3376,19.723161,73.636194,False,0,False,False,True
IGATPURI YARD,IGPX,,3,3387,,,False,0,False,False,False
IGATPURI,IGP,MAHARASHTRA,3,3395,19.694153,73.562479,True,1,False,True,True
BLOCK AND CATCH SIDING CABINE NO.1,TGR1,,3,3401,19.698274,73.543828,False,0,False,True,False
BLOCK AND CATCH SIDING CABINE NO.2,TGR2,,3,3403,19.701506,73.500054,False,0,False,False,False
BLOCK AND CATCH SIDING CABINE NO.3,TGR3,,3,3408,19.674838,73.486321,False,0,False,False,False
KASARA,KSRA,MAHARASHTRA,3,3412,19.647599,73.472443,False,0,False,False,True
OOMBERMALI,OMB,MAHARASHTRA,3,3420,19.628036,73.422661,False,0,False,False,False
KHARDI,KE,MAHARASHTRA,3,3428,19.580332,73.393822,False,0,False,False,True
THANSIT,THS,MAHARASHTRA,3,3435,19.549761,73.351593,False,0,False,False,False
ATGAON,ATG,MAHARASHTRA,3,3442,19.5036513038,73.3281612396,False,0,False,False,False
ASANGAON,ASO,MAHARASHTRA,3,3454,19.439238,73.307819,False,0,False,False,True
VASIND,VSD,MAHARASHTRA,3,3461,19.406212,73.267479,False,0,False,False,True
KHADAVLI,KDV,MAHARASHTRA,3,3470,19.35657892,73.21907043,False,0,False,False,True
TITVALA,TLA,MAHARASHTRA,3,3479,19.296724,73.202934,False,0,False,False,True
AMBIVLI,ABY,MAHARASHTRA,3,3485,19.267397,73.17152,False,0,False,False,True
SHAHAD,SHAD,MAHARASHTRA,3,3488,19.244222,73.158131,False,0,False,False,True
KALYAN JN,KYN,MAHARASHTRA,3,3495,19.235126,73.13015,True,6,False,True,True
KALYAN SIDING,KYNX,,3,3496,,,False,0,False,False,False
THAKRULI,THK,MAHARASHTRA,3,3499,19.225968,73.097878,False,0,False,False,True
DOMBIVILI,DI,MAHARASHTRA,3,3500,19.218188,73.08687,False,0,False,False,True
KOPAR ROAD,KOPR,MAHARASHTRA,3,3501,19.210975,73.077471,False,0,False,False,False
DIVA JN. CABIN,DWJN,MAHARASHTRA,3,3504,19.188947,73.043203,False,0,False,True,False
DIVA,DIVA,MAHARASHTRA,3,3506,19.188684,73.042195,False,0,False,True,False
YY-PSKT,YY-PSKT,,3,3509,,,False,0,False,False,False
XX-TNAB,XX-TNAB,,3,3510,,,False,0,False,False,False
THANE,TNA,MAHARASHTRA,3,3513,19.185887,72.975547,False,0,False,True,True
MULUND,MLND,MAHARASHTRA,3,3516,19.172065,72.956643,False,0,False,True,True
CRNM,CRNM,,3,3517,,,False,0,False,False,False
NAHUR,NHU,MAHARASHTRA,3,3518,19.154736,72.946773,False,0,False,True,False
BHANDUP,BND,MAHARASHTRA,3,3519,19.14230998,72.93753505,False,0,False,True,True
KANJUR MARG,KJMG,,3,3521,19.128201,72.928061,False,0,False,True,False
VIKHROLI,VK,MAHARASHTRA,3,3523,19.11186,72.928212,False,0,False,True,False
GHATKOPAR,GC,MAHARASHTRA,3,3527,19.085865,72.908471,False,0,False,True,True
VIDYAVIHAR,VVH,MAHARASHTRA,3,3528,19.079518,72.897441,False,0,False,True,False
CLAS,CLAS,MAHARASHTRA,3,3529,,,False,0,False,False,False
KURLA JN,CLA,MAHARASHTRA,3,3530,19.065241,72.879395,False,0,False,True,True
MUMBAI SION,SIN,MAHARASHTRA,3,3533,19.047495,72.864032,False,0,False,True,True
MUMBAI MATUNGA,MTN,MAHARASHTRA,3,3536,19.027697,72.850192,False,0,False,True,False
MUMBAI DADAR CENTRAL,DR,Maharashtra,3,3540,19.017189,72.842982,True,6,False,True,True
MUMBAI PAREL,PR,MAHARASHTRA,3,3543,19.009115,72.837574,False,0,False,True,True
PAREL WORKSHOP,PRLW,,3,3545,,,False,0,False,False,False
MUMBAI CURREY ROAD,CRD,MAHARASHTRA,3,3548,18.99398,72.83294,False,0,False,True,True
MUMBAI CHINCHPOKLI,CHG,MAHARASHTRA,3,3550,18.986919,72.832789,False,0,False,True,True
BYCULLA,BY,MAHARASHTRA,3,3553,18.97655,72.832811,False,0,False,True,True
MZNC,MZNC,,3,3555,,,False,0,False,False,False
MUMBAI SANDHURST ROAD,SNRD,MAHARASHTRA,3,3558,18.962041,72.839463,False,0,False,True,True
BOMBAY MASJID,MSD,MAHARASHTRA,3,3562,18.951935,72.838111,False,0,False,True,True
CSMT,CSMT,Maharashtra,3,3565,,,False,0,False,False,False
MUMBAI CST,CSTM,,3,0,18.944101,72.836523,True,18,False,True,True
